{
	"credit": "Modeled by hogarth of Frog Pot Studios",
	"texture_size": [64, 64],
	"textures": {
		"0": "box_camera:box_camera",
		"particle": "box_camera:box_camera"
	},
	"elements": [
		{
			"from": [4.5, 0.5, 2.5],
			"to": [11.5, 10.5, 4.5],
			"rotation": {"angle": 0, "axis": "y", "origin": [6.5, 0, 7]},
			"faces": {
				"north": {"uv": [4.5, 5, 6.25, 7.5], "texture": "#0"},
				"east": {"uv": [7, 7.75, 7.5, 10.25], "texture": "#0"},
				"south": {"uv": [0, 6.5, 1.75, 9], "texture": "#0"},
				"west": {"uv": [7.75, 7.75, 8.25, 10.25], "texture": "#0"},
				"up": {"uv": [10.25, 8, 8.5, 7.5], "texture": "#0"},
				"down": {"uv": [10.25, 8.25, 8.5, 8.75], "texture": "#0"}
			}
		},
		{
			"from": [7, -0.075, 1.875],
			"to": [9, -0.075, 3.875],
			"rotation": {"angle": -22.5, "axis": "x", "origin": [8, 0.5, 2.5]},
			"faces": {
				"north": {"uv": [11.75, 11.5, 12.25, 11.5], "texture": "#0"},
				"east": {"uv": [7, 12, 7.5, 12], "texture": "#0"},
				"south": {"uv": [12, 7, 12.5, 7], "texture": "#0"},
				"west": {"uv": [12, 7.25, 12.5, 7.25], "texture": "#0"},
				"up": {"uv": [11.25, 0.5, 10.75, 0], "texture": "#0"},
				"down": {"uv": [11.5, 9, 11, 9.5], "texture": "#0"}
			}
		},
		{
			"from": [6.5, 5, 1.5],
			"to": [9.5, 6, 2.5],
			"rotation": {"angle": 0, "axis": "y", "origin": [7.5, 0, 7]},
			"faces": {
				"north": {"uv": [6.75, 4.5, 7.5, 4.75], "texture": "#0"},
				"east": {"uv": [5, 12, 5.25, 12.25], "texture": "#0"},
				"south": {"uv": [10.5, 3, 11.25, 3.25], "texture": "#0"},
				"west": {"uv": [12, 5, 12.25, 5.25], "texture": "#0"},
				"up": {"uv": [11.5, 11.5, 10.75, 11.25], "texture": "#0"},
				"down": {"uv": [12.25, 0, 11.5, 0.25], "texture": "#0"}
			}
		},
		{
			"from": [6.65, 9.3, 1.6],
			"to": [9.35, 10, 3.3],
			"rotation": {"angle": 0, "axis": "y", "origin": [7.5, 0, 7]},
			"faces": {
				"north": {"uv": [11.5, 3, 12.25, 3.25], "texture": "#0"},
				"east": {"uv": [7.75, 4.5, 8.25, 4.75], "texture": "#0"},
				"south": {"uv": [11.5, 4.5, 12.25, 4.75], "texture": "#0"},
				"west": {"uv": [0, 12, 0.5, 12.25], "texture": "#0"},
				"up": {"uv": [10, 10.5, 9.25, 10], "texture": "#0"},
				"down": {"uv": [1.75, 10.25, 1, 10.75], "texture": "#0"}
			}
		},
		{
			"from": [6.65, 6.6, 2.1],
			"to": [9.35, 9.3, 2.8],
			"rotation": {"angle": 0, "axis": "y", "origin": [7.5, 0.3, 7]},
			"faces": {
				"north": {"uv": [1, 9.25, 1.75, 10], "texture": "#0"},
				"east": {"uv": [4, 6.5, 4.25, 7.25], "texture": "#0"},
				"south": {"uv": [2, 9.25, 2.75, 10], "texture": "#0"},
				"west": {"uv": [11.5, 5, 11.75, 5.75], "texture": "#0"},
				"up": {"uv": [12.25, 7.75, 11.5, 7.5], "texture": "#0"},
				"down": {"uv": [12.25, 8, 11.5, 8.25], "texture": "#0"}
			}
		},
		{
			"from": [6.65, 5.9, 1.6],
			"to": [9.35, 6.6, 3.3],
			"rotation": {"angle": 0, "axis": "y", "origin": [7.5, 0, 7]},
			"faces": {
				"north": {"uv": [11.5, 8.5, 12.25, 8.75], "texture": "#0"},
				"east": {"uv": [12, 0.5, 12.5, 0.75], "texture": "#0"},
				"south": {"uv": [11.75, 3.5, 12.5, 3.75], "texture": "#0"},
				"west": {"uv": [12, 1, 12.5, 1.25], "texture": "#0"},
				"up": {"uv": [2.75, 10.75, 2, 10.25], "texture": "#0"},
				"down": {"uv": [3.75, 10.25, 3, 10.75], "texture": "#0"}
			}
		},
		{
			"from": [5.95, 5.3, 1.6],
			"to": [6.65, 10, 3.3],
			"rotation": {"angle": 0, "axis": "y", "origin": [7.8, 0, 7]},
			"faces": {
				"north": {"uv": [7, 10.5, 7.25, 11.75], "texture": "#0"},
				"east": {"uv": [9, 0, 9.5, 1.25], "texture": "#0"},
				"south": {"uv": [7.5, 10.5, 7.75, 11.75], "texture": "#0"},
				"west": {"uv": [9, 1.5, 9.5, 2.75], "texture": "#0"},
				"up": {"uv": [12.25, 2, 12, 1.5], "texture": "#0"},
				"down": {"uv": [12.25, 2.25, 12, 2.75], "texture": "#0"}
			}
		},
		{
			"from": [9.35, 5.3, 1.6],
			"to": [10.05, 10, 3.3],
			"rotation": {"angle": 0, "axis": "y", "origin": [7.2, 0, 7]},
			"faces": {
				"north": {"uv": [10.5, 7.5, 10.75, 8.75], "texture": "#0"},
				"east": {"uv": [9, 3, 9.5, 4.25], "texture": "#0"},
				"south": {"uv": [8, 10.5, 8.25, 11.75], "texture": "#0"},
				"west": {"uv": [8.5, 9, 9, 10.25], "texture": "#0"},
				"up": {"uv": [4.25, 12.5, 4, 12], "texture": "#0"},
				"down": {"uv": [4.75, 12, 4.5, 12.5], "texture": "#0"}
			}
		},
		{
			"from": [5.5, 1, 1.5],
			"to": [6.5, 6, 2.5],
			"rotation": {"angle": 0, "axis": "y", "origin": [7.5, 0, 7]},
			"faces": {
				"north": {"uv": [8.5, 10.5, 8.75, 11.75], "texture": "#0"},
				"east": {"uv": [10.75, 6, 11, 7.25], "texture": "#0"},
				"south": {"uv": [9, 10.75, 9.25, 12], "texture": "#0"},
				"west": {"uv": [9.5, 10.75, 9.75, 12], "texture": "#0"},
				"up": {"uv": [5.75, 12.25, 5.5, 12], "texture": "#0"},
				"down": {"uv": [12.25, 5.5, 12, 5.75], "texture": "#0"}
			}
		},
		{
			"from": [9.5, 1, 1.5],
			"to": [10.5, 6, 2.5],
			"rotation": {"angle": 0, "axis": "y", "origin": [7.5, 0, 7]},
			"faces": {
				"north": {"uv": [1, 11, 1.25, 12.25], "texture": "#0"},
				"east": {"uv": [1.5, 11, 1.75, 12.25], "texture": "#0"},
				"south": {"uv": [2, 11, 2.25, 12.25], "texture": "#0"},
				"west": {"uv": [2.5, 11, 2.75, 12.25], "texture": "#0"},
				"up": {"uv": [6.25, 12.25, 6, 12], "texture": "#0"},
				"down": {"uv": [12.25, 6, 12, 6.25], "texture": "#0"}
			}
		},
		{
			"from": [9.65, 5.1, 1.4],
			"to": [11.15, 6.6, 2.9],
			"rotation": {"angle": 0, "axis": "y", "origin": [7.5, 0, 7]},
			"faces": {
				"north": {"uv": [1.75, 14.5, 3, 15.75], "texture": "#0"},
				"east": {"uv": [10, 11, 10.5, 11.5], "texture": "#0"},
				"south": {"uv": [11, 10.5, 11.5, 11], "texture": "#0"},
				"west": {"uv": [11.25, 0.75, 11.75, 1.25], "texture": "#0"},
				"up": {"uv": [11.75, 2, 11.25, 1.5], "texture": "#0"},
				"down": {"uv": [11.75, 2.25, 11.25, 2.75], "texture": "#0"}
			}
		},
		{
			"from": [4.65, 5.1, 1.4],
			"to": [6.15, 6.6, 2.9],
			"rotation": {"angle": 0, "axis": "y", "origin": [7.5, 0, 7]},
			"faces": {
				"north": {"uv": [0.25, 14.5, 1.5, 15.75], "texture": "#0"},
				"east": {"uv": [4.75, 11.25, 5.25, 11.75], "texture": "#0"},
				"south": {"uv": [5.5, 11.25, 6, 11.75], "texture": "#0"},
				"west": {"uv": [11.25, 6, 11.75, 6.5], "texture": "#0"},
				"up": {"uv": [6.75, 11.75, 6.25, 11.25], "texture": "#0"},
				"down": {"uv": [11.75, 6.75, 11.25, 7.25], "texture": "#0"}
			}
		},
		{
			"from": [6.5, 2, 2],
			"to": [9.5, 5, 3],
			"rotation": {"angle": 0, "axis": "y", "origin": [7.5, 0, 7]},
			"faces": {
				"north": {"uv": [3, 9.25, 3.75, 10], "texture": "#0"},
				"east": {"uv": [11.75, 9, 12, 9.75], "texture": "#0"},
				"south": {"uv": [4, 9.25, 4.75, 10], "texture": "#0"},
				"west": {"uv": [10, 11.75, 10.25, 12.5], "texture": "#0"},
				"up": {"uv": [12.5, 4.25, 11.75, 4], "texture": "#0"},
				"down": {"uv": [12.5, 10, 11.75, 10.25], "texture": "#0"}
			}
		},
		{
			"from": [6.5, 1, 1.5],
			"to": [9.5, 2, 2.5],
			"rotation": {"angle": 0, "axis": "y", "origin": [7.5, 0, 7]},
			"faces": {
				"north": {"uv": [10.5, 11.75, 11.25, 12], "texture": "#0"},
				"east": {"uv": [6.5, 12, 6.75, 12.25], "texture": "#0"},
				"south": {"uv": [11.75, 10.5, 12.5, 10.75], "texture": "#0"},
				"west": {"uv": [12, 6.5, 12.25, 6.75], "texture": "#0"},
				"up": {"uv": [12.5, 11.25, 11.75, 11], "texture": "#0"},
				"down": {"uv": [12.25, 11.75, 11.5, 12], "texture": "#0"}
			}
		},
		{
			"from": [4, 0, 4],
			"to": [12, 12, 12],
			"rotation": {"angle": 0, "axis": "y", "origin": [7, 0, 7]},
			"faces": {
				"north": {"uv": [0, 0, 2, 3], "texture": "#0"},
				"east": {"uv": [2.25, 0, 4.25, 3], "texture": "#0"},
				"south": {"uv": [0, 3.25, 2, 6.25], "texture": "#0"},
				"west": {"uv": [2.25, 3.25, 4.25, 6.25], "texture": "#0"},
				"up": {"uv": [8.75, 2, 6.75, 0], "texture": "#0"},
				"down": {"uv": [8.75, 2.25, 6.75, 4.25], "texture": "#0"}
			}
		},
		{
			"from": [4.5, 0.5, 11.25],
			"to": [11.5, 10.5, 12.25],
			"rotation": {"angle": 0, "axis": "y", "origin": [7.5, 0, 7]},
			"faces": {
				"north": {"uv": [2, 6.5, 3.75, 9], "texture": "#0"},
				"east": {"uv": [0, 9.25, 0.25, 11.75], "texture": "#0"},
				"south": {"uv": [6.5, 5, 8.25, 7.5], "texture": "#0"},
				"west": {"uv": [0.5, 9.25, 0.75, 11.75], "texture": "#0"},
				"up": {"uv": [11.5, 3.75, 9.75, 3.5], "texture": "#0"},
				"down": {"uv": [11.5, 4, 9.75, 4.25], "texture": "#0"}
			}
		},
		{
			"from": [2.5, 4.75, 5.25],
			"to": [4.5, 7.75, 8.25],
			"rotation": {"angle": 0, "axis": "y", "origin": [7, 0, 9]},
			"faces": {
				"north": {"uv": [4.25, 14.5, 5, 15.75], "texture": "#0"},
				"east": {"uv": [5, 9.25, 5.75, 10], "texture": "#0"},
				"south": {"uv": [6.75, 14.5, 7.5, 15.75], "texture": "#0"},
				"west": {"uv": [5.25, 14.5, 6.5, 15.75], "texture": "#0"},
				"up": {"uv": [4, 15.75, 3.25, 14.5], "texture": "#0"},
				"down": {"uv": [8.5, 14.5, 7.75, 15.75], "texture": "#0"}
			}
		},
		{
			"from": [3.25, 1.5, 8.25],
			"to": [4.75, 4, 10.75],
			"rotation": {"angle": 0, "axis": "y", "origin": [7, 0, 9]},
			"faces": {
				"north": {"uv": [14.5, 14.5, 15, 15.75], "texture": "#0"},
				"east": {"uv": [11.5, 14.5, 12.75, 15.75], "texture": "#0"},
				"south": {"uv": [15.25, 14.5, 15.75, 15.75], "texture": "#0"},
				"west": {"uv": [10, 14.5, 11.25, 15.75], "texture": "#0"},
				"up": {"uv": [14.25, 15.75, 13.75, 14.5], "texture": "#0"},
				"down": {"uv": [13.5, 14.5, 13, 15.75], "texture": "#0"}
			}
		},
		{
			"from": [3.85, 10.65, 2.85],
			"to": [12.15, 12.95, 12.15],
			"rotation": {"angle": 0, "axis": "y", "origin": [7, 0, 7]},
			"faces": {
				"north": {"uv": [8.5, 6, 10.5, 6.5], "texture": "#0"},
				"east": {"uv": [8.5, 4.5, 10.75, 5], "texture": "#0"},
				"south": {"uv": [8.5, 6.75, 10.5, 7.25], "texture": "#0"},
				"west": {"uv": [8.5, 5.25, 10.75, 5.75], "texture": "#0"},
				"up": {"uv": [6.5, 2.25, 4.5, 0], "texture": "#0"},
				"down": {"uv": [6.5, 2.5, 4.5, 4.75], "texture": "#0"}
			}
		},
		{
			"from": [11.5, 3, 5.5],
			"to": [12.5, 8, 10.5],
			"rotation": {"angle": 0, "axis": "y", "origin": [7, 0, 5.5]},
			"faces": {
				"north": {"uv": [3, 11, 3.25, 12.25], "texture": "#0"},
				"east": {"uv": [4, 7.75, 5.25, 9], "texture": "#0"},
				"south": {"uv": [3.5, 11, 3.75, 12.25], "texture": "#0"},
				"west": {"uv": [5.5, 7.75, 6.75, 9], "texture": "#0"},
				"up": {"uv": [11.25, 5.75, 11, 4.5], "texture": "#0"},
				"down": {"uv": [11.25, 7.5, 11, 8.75], "texture": "#0"}
			}
		},
		{
			"from": [12.6, 1.5, 7],
			"to": [12.6, 5.5, 9],
			"rotation": {"angle": -45, "axis": "x", "origin": [12.5, 5.5, 8]},
			"faces": {
				"north": {"uv": [0.75, 12, 0.75, 13], "texture": "#0"},
				"east": {"uv": [9.75, 1, 10.25, 2], "texture": "#0"},
				"south": {"uv": [7.75, 12, 7.75, 13], "texture": "#0"},
				"west": {"uv": [9.75, 2.25, 10.25, 3.25], "texture": "#0"},
				"up": {"uv": [8, 12.5, 8, 12], "texture": "#0"},
				"down": {"uv": [8.25, 12, 8.25, 12.5], "texture": "#0"}
			}
		}
	],
	"display": {
		"thirdperson_righthand": {
			"rotation": [5, 0, 0],
			"translation": [-2.25, 0.5, 0.25],
			"scale": [0.55078, 0.55078, 0.55078]
		},
		"thirdperson_lefthand": {
			"rotation": [5, 0, 0],
			"translation": [-2.25, 0.5, 0.25],
			"scale": [0.55078, 0.55078, 0.55078]
		},
		"firstperson_righthand": {
			"rotation": [5, 0, 0],
			"translation": [2.5, 0, -5.5],
			"scale": [0.92383, 0.92383, 0.92383]
		},
		"firstperson_lefthand": {
			"rotation": [5, 0, 0],
			"translation": [2.5, 0, -5.5],
			"scale": [0.92383, 0.92383, 0.92383]
		},
		"ground": {
			"rotation": [15, 0, 0],
			"translation": [0, 4.5, 0],
			"scale": [0.52539, 0.52539, 0.52539]
		},
		"gui": {
			"rotation": [15, 145, 0],
			"translation": [0, 1.5, 0],
			"scale": [0.92773, 0.92773, 0.92773]
		},
		"head": {
			"translation": [0, 14.5, 0]
		},
		"fixed": {
			"translation": [0, 1.25, -2.5]
		}
	},
	"groups": [
		{
			"name": "base",
			"origin": [8, 8, 8],
			"color": 0,
			"children": [
				{
					"name": "body",
					"origin": [8, 8, 8],
					"color": 0,
					"children": [0, 1, 2, 3, 4, 5, 6, 7, 8, 9, 10, 11, 12, 13, 14, 15, 16, 17, 18, 19, 20]
				}
			]
		}
	]
}