{
	"credit": "Modeled by hogarth of Frog Pot Studios",
	"texture_size": [64, 64],
	"textures": {
		"0": "polaroid_camera:polaroid_camera",
		"particle": "polaroid_camera:polaroid_camera"
	},
	"elements": [
		{
			"from": [2.5, 3.5, 4.5],
			"to": [13.5, 9.5, 7.5],
			"rotation": {"angle": 0, "axis": "y", "origin": [8.5, 0.5, 7.5]},
			"faces": {
				"north": {"uv": [6, 5, 8.75, 6.5], "texture": "#0"},
				"east": {"uv": [3, 10.5, 3.75, 12], "texture": "#0"},
				"south": {"uv": [6, 6.75, 8.75, 8.25], "texture": "#0"},
				"west": {"uv": [4, 10.5, 4.75, 12], "texture": "#0"},
				"up": {"uv": [11.75, 0.75, 9, 0], "texture": "#0"},
				"down": {"uv": [11.75, 1, 9, 1.75], "texture": "#0"}
			}
		},
		{
			"from": [6.5, 5.75, 3.75],
			"to": [9.5, 8.75, 4.75],
			"rotation": {"angle": 0, "axis": "y", "origin": [8, 0.5, 7.5]},
			"faces": {
				"north": {"uv": [14.5, 10.75, 15.75, 12], "texture": "#0"},
				"east": {"uv": [13.25, 14, 13.75, 15], "texture": "#0"},
				"south": {"uv": [14.5, 12.25, 15.75, 13.5], "texture": "#0"},
				"west": {"uv": [14, 14, 14.5, 15], "texture": "#0"},
				"up": {"uv": [15.75, 14.25, 14.75, 13.75], "texture": "#0"},
				"down": {"uv": [15.75, 14.5, 14.75, 15], "texture": "#0"}
			}
		},
		{
			"from": [9.5, 5.25, 3.5],
			"to": [10, 9.25, 4.5],
			"rotation": {"angle": 0, "axis": "y", "origin": [8, 0.5, 7.5]},
			"faces": {
				"north": {"uv": [0.25, 13.75, 0.5, 15.75], "texture": "#0"},
				"east": {"uv": [1.25, 13.75, 1.75, 15.75], "texture": "#0"},
				"south": {"uv": [0.75, 13.75, 1, 15.75], "texture": "#0"},
				"west": {"uv": [2, 13.75, 2.5, 15.75], "texture": "#0"},
				"up": {"uv": [2.75, 13.75, 3, 14.25], "texture": "#0"},
				"down": {"uv": [2.75, 14.5, 3, 15], "texture": "#0"}
			}
		},
		{
			"from": [6.5, 8.75, 3.5],
			"to": [9.5, 9.25, 4.5],
			"rotation": {"angle": 0, "axis": "y", "origin": [8.5, 9, 4.725]},
			"faces": {
				"north": {"uv": [9.75, 14, 11.25, 14.25], "texture": "#0"},
				"east": {"uv": [11.5, 13.5, 11.75, 13.75], "texture": "#0"},
				"south": {"uv": [9.75, 13.5, 11.25, 13.75], "texture": "#0"},
				"west": {"uv": [11.5, 14, 11.75, 14.25], "texture": "#0"},
				"up": {"uv": [9.75, 14.5, 11.25, 15], "texture": "#0"},
				"down": {"uv": [9.75, 15.25, 11.25, 15.75], "texture": "#0"}
			}
		},
		{
			"from": [6.5, 5.25, 3.5],
			"to": [9.5, 5.75, 4.5],
			"rotation": {"angle": 0, "axis": "y", "origin": [8.5, 9, 4.725]},
			"faces": {
				"north": {"uv": [7.5, 14, 9, 14.25], "texture": "#0"},
				"east": {"uv": [9.25, 13.5, 9.5, 13.75], "texture": "#0"},
				"south": {"uv": [7.5, 13.5, 9, 13.75], "texture": "#0"},
				"west": {"uv": [9.25, 14, 9.5, 14.25], "texture": "#0"},
				"up": {"uv": [7.5, 14.5, 9, 15], "texture": "#0"},
				"down": {"uv": [7.5, 15.25, 9, 15.75], "texture": "#0"}
			}
		},
		{
			"from": [6, 5.25, 3.5],
			"to": [6.5, 9.25, 4.5],
			"rotation": {"angle": 0, "axis": "y", "origin": [8, 0.5, 7.5]},
			"faces": {
				"north": {"uv": [3.25, 13.75, 3.5, 15.75], "texture": "#0"},
				"east": {"uv": [4.25, 13.75, 4.75, 15.75], "texture": "#0"},
				"south": {"uv": [3.75, 13.75, 4, 15.75], "texture": "#0"},
				"west": {"uv": [5, 13.75, 5.5, 15.75], "texture": "#0"},
				"up": {"uv": [5.75, 13.75, 6, 14.25], "texture": "#0"},
				"down": {"uv": [5.75, 14.5, 6, 15], "texture": "#0"}
			}
		},
		{
			"name": "inner",
			"from": [2.85, 6.85, 4.3],
			"to": [5.15, 9.15, 14.6],
			"rotation": {"angle": 0, "axis": "y", "origin": [8.5, 0.5, 7.5]},
			"faces": {
				"north": {"uv": [12, 1.5, 12.75, 2.25], "texture": "#0"},
				"east": {"uv": [12.25, 5.75, 15.25, 6.5], "texture": "#0"},
				"south": {"uv": [13, 1.5, 13.75, 2.25], "texture": "#0"},
				"west": {"uv": [12.25, 6.75, 15.25, 7.5], "texture": "#0"},
				"up": {"uv": [12, 2.5, 12.75, 5.5], "texture": "#0"},
				"down": {"uv": [13, 2.5, 13.75, 5.5], "texture": "#0"}
			}
		},
		{
			"name": "inner",
			"from": [2.5, 6.5, 14.55],
			"to": [5.5, 9.5, 15.55],
			"rotation": {"angle": 0, "axis": "y", "origin": [8.5, 0.5, 8.6]},
			"faces": {
				"north": {"uv": [14, 1.75, 14.75, 2.5], "texture": "#0"},
				"east": {"uv": [14.5, 4.75, 14.75, 5.5], "texture": "#0"},
				"south": {"uv": [14, 3.25, 15.25, 4.5], "texture": "#0"},
				"west": {"uv": [14, 4.75, 14.25, 5.5], "texture": "#0"},
				"up": {"uv": [15, 5.25, 15.75, 5.5], "texture": "#0"},
				"down": {"uv": [15, 4.75, 15.75, 5], "texture": "#0"}
			}
		},
		{
			"from": [11.5, 5.5, 4.25],
			"to": [12.5, 6.5, 5.25],
			"rotation": {"angle": 0, "axis": "y", "origin": [8.5, 0.5, 7.5]},
			"faces": {
				"north": {"uv": [13.5, 12.5, 14, 13], "texture": "#0"},
				"east": {"uv": [12.5, 13.25, 12.75, 13.5], "texture": "#0"},
				"south": {"uv": [13.5, 13.25, 13.75, 13.5], "texture": "#0"},
				"west": {"uv": [12.5, 12.75, 12.75, 13], "texture": "#0"},
				"up": {"uv": [13.25, 13, 13, 12.75], "texture": "#0"},
				"down": {"uv": [13.25, 13.25, 13, 13.5], "texture": "#0"}
			}
		},
		{
			"from": [3.65, 5.35, 3.75],
			"to": [4.95, 6.65, 4.55],
			"rotation": {"angle": 0, "axis": "y", "origin": [8.5, 0.5, 7.5]},
			"faces": {
				"north": {"uv": [1.75, 12.75, 2.25, 13.25], "texture": "#0"},
				"east": {"uv": [2.5, 12.25, 2.75, 12.75], "texture": "#0"},
				"south": {"uv": [1, 12.75, 1.5, 13.25], "texture": "#0"},
				"west": {"uv": [3.5, 12.25, 3.75, 12.75], "texture": "#0"},
				"up": {"uv": [5, 11.75, 5.5, 12], "texture": "#0"},
				"down": {"uv": [5, 12.75, 5.5, 13], "texture": "#0"}
			}
		},
		{
			"from": [2.5, 0, 1],
			"to": [13.5, 3, 15],
			"rotation": {"angle": 0, "axis": "y", "origin": [8.5, 0, 7]},
			"faces": {
				"north": {"uv": [9, 2, 11.75, 2.75], "texture": "#0"},
				"east": {"uv": [6, 8.5, 9.5, 9.25], "texture": "#0"},
				"south": {"uv": [9, 3, 11.75, 3.75], "texture": "#0"},
				"west": {"uv": [0, 9, 3.5, 9.75], "texture": "#0"},
				"up": {"uv": [2.75, 3.5, 0, 0], "texture": "#0"},
				"down": {"uv": [5.75, 0, 3, 3.5], "texture": "#0"}
			}
		},
		{
			"from": [2.5, 3, 1],
			"to": [13.5, 3.5, 15],
			"rotation": {"angle": 0, "axis": "y", "origin": [8.5, 0, 7]},
			"faces": {
				"north": {"uv": [12, 0.625, 14.75, 0.75], "texture": "#0"},
				"east": {"uv": [9.625, 11.875, 13.5, 12], "texture": "#0"},
				"south": {"uv": [12, 1.125, 14.75, 1.25], "texture": "#0"},
				"west": {"uv": [12, 0.125, 15.875, 0.25], "texture": "#0"},
				"up": {"uv": [2.75, 7.25, 0, 3.75], "texture": "#0"},
				"down": {"uv": [5.75, 3.75, 3, 7.25], "texture": "#0"}
			}
		},
		{
			"from": [2.525, 3.21627, 5.59574],
			"to": [13.475, 6.16627, 14.54574],
			"rotation": {"angle": 22.5, "axis": "x", "origin": [8, 3.69127, 8.07074]},
			"faces": {
				"north": {"uv": [9, 4, 11.75, 4.75], "texture": "#0"},
				"east": {"uv": [9.75, 8, 12, 8.75], "texture": "#0"},
				"south": {"uv": [9, 5, 11.75, 5.75], "texture": "#0"},
				"west": {"uv": [9.75, 9, 12, 9.75], "texture": "#0"},
				"up": {"uv": [8.75, 2.25, 6, 0], "texture": "#0"},
				"down": {"uv": [8.75, 2.5, 6, 4.75], "texture": "#0"}
			}
		},
		{
			"from": [2.525, 3.21627, 1.45426],
			"to": [13.475, 6.16627, 6.40426],
			"rotation": {"angle": -22.5, "axis": "x", "origin": [8, 3.69127, 7.92926]},
			"faces": {
				"north": {"uv": [9, 6, 11.75, 6.75], "texture": "#0"},
				"east": {"uv": [9.5, 10.75, 10.75, 11.5], "texture": "#0"},
				"south": {"uv": [9, 7, 11.75, 7.75], "texture": "#0"},
				"west": {"uv": [11, 10.75, 12.25, 11.5], "texture": "#0"},
				"up": {"uv": [2.75, 8.75, 0, 7.5], "texture": "#0"},
				"down": {"uv": [5.75, 7.5, 3, 8.75], "texture": "#0"}
			}
		},
		{
			"from": [3, 0.5, 0.85],
			"to": [13, 2.5, 1.85],
			"rotation": {"angle": 0, "axis": "y", "origin": [8.5, 0, 7.5]},
			"faces": {
				"north": {"uv": [3.75, 9.5, 6.5, 10.25], "texture": "#0"},
				"east": {"uv": [0.25, 10.75, 0.75, 11.5], "texture": "#0"},
				"south": {"uv": [6.75, 9.5, 9.5, 10.25], "texture": "#0"},
				"west": {"uv": [6.75, 12.75, 7.25, 13.5], "texture": "#0"},
				"up": {"uv": [2.75, 10.5, 0, 10], "texture": "#0"},
				"down": {"uv": [12.5, 10, 9.75, 10.5], "texture": "#0"}
			}
		}
	],
	"display": {
		"thirdperson_righthand": {
			"rotation": [5, 0, 0],
			"translation": [-2, 1.5, -1],
			"scale": [0.49219, 0.49219, 0.49219]
		},
		"thirdperson_lefthand": {
			"rotation": [5, 0, 0],
			"translation": [-2, 1.5, -1],
			"scale": [0.49219, 0.49219, 0.49219]
		},
		"firstperson_righthand": {
			"rotation": [-9.71, 7.09, 2.51],
			"translation": [2.75, 3.5, -2.75],
			"scale": [0.74609, 0.74609, 0.74609]
		},
		"firstperson_lefthand": {
			"rotation": [-9.71, 7.09, 2.51],
			"translation": [2.75, 3.5, -2.75],
			"scale": [0.74609, 0.74609, 0.74609]
		},
		"ground": {
			"rotation": [15, 0, 0],
			"translation": [0, 4.5, 0],
			"scale": [0.45703, 0.45703, 0.45703]
		},
		"gui": {
			"rotation": [15, 145, 0],
			"translation": [0, 2.75, 0],
			"scale": [0.83399, 0.83399, 0.83399]
		},
		"head": {
			"translation": [0, 14.25, 0]
		},
		"fixed": {
			"rotation": [-90, 0, 0],
			"translation": [0, 0, -7]
		}
	},
	"groups": [
		{
			"name": "base",
			"origin": [8, 8, 8],
			"color": 0,
			"children": [
				{
					"name": "body",
					"origin": [8, 8, 8],
					"color": 0,
					"children": [0, 1, 2, 3, 4, 5, 6, 7, 8, 9, 10, 11, 12, 13, 14]
				}
			]
		}
	]
}