{
	"texture_size": [128, 128],
	"textures": {
		"0": "camera:item/camera_album",
		"particle": "camera:item/camera_album"
	},
	"elements": [
		{
			"from": [5.9999, -0.0001, -0.0001],
			"to": [10.0001, 1.0001, 16.0001],
			"rotation": {"angle": 0, "axis": "y", "origin": [-4, 0, 0]},
			"faces": {
				"north": {"uv": [6.875, 3, 7.375, 3.125], "texture": "#0"},
				"east": {"uv": [6, 3.75, 8, 3.875], "texture": "#0"},
				"south": {"uv": [6.875, 3.375, 7.375, 3.5], "texture": "#0"},
				"west": {"uv": [6, 4.125, 8, 4.25], "texture": "#0"},
				"up": {"uv": [1, 8.375, 1.5, 10.375], "texture": "#0"},
				"down": {"uv": [0.125, 8.375, 0.625, 10.375], "texture": "#0"}
			}
		},
		{
			"from": [9.0001, 1.0001, -0.0001],
			"to": [10.0001, 14.0001, 15.9999],
			"rotation": {"angle": 0, "axis": "y", "origin": [8.0001, 1.5001, 7.9999]},
			"faces": {
				"north": {"uv": [2, 6.25, 2.125, 7.875], "texture": "#0"},
				"east": {"uv": [0, 0, 2, 1.625], "texture": "#0"},
				"south": {"uv": [2.375, 6.25, 2.5, 7.875], "texture": "#0"},
				"west": {"uv": [0, 1.75, 2, 3.375], "texture": "#0"},
				"up": {"uv": [0.75, 8.25, 0.625, 6.25], "texture": "#0"},
				"down": {"uv": [1.125, 6.25, 0.875, 8.25], "texture": "#0"}
			}
		},
		{
			"from": [8.9001, 12.9001, 5.8999],
			"to": [10.1001, 14.1001, 10.0999],
			"rotation": {"angle": 0, "axis": "y", "origin": [8.0001, 1.5001, 7.9999]},
			"faces": {
				"north": {"uv": [5.5, 3.25, 5.625, 3.375], "texture": "#0"},
				"east": {"uv": [6.875, 1.75, 7.375, 1.875], "texture": "#0"},
				"south": {"uv": [7, 2.25, 7.125, 2.375], "texture": "#0"},
				"west": {"uv": [6.875, 2, 7.375, 2.125], "texture": "#0"},
				"up": {"uv": [4.25, 2.75, 4.375, 3.25], "texture": "#0"},
				"down": {"uv": [4.75, 2.75, 4.625, 3.25], "texture": "#0"}
			}
		},
		{
			"from": [5.89985, 12.90013, 5.8999],
			"to": [7.09985, 14.10013, 10.0999],
			"rotation": {"angle": 0, "axis": "y", "origin": [7.99985, 1.50013, 7.9999]},
			"faces": {
				"north": {"uv": [5.625, 3.25, 5.5, 3.375], "texture": "#0"},
				"east": {"uv": [7.375, 2, 6.875, 2.125], "texture": "#0"},
				"south": {"uv": [7.125, 2.25, 7, 2.375], "texture": "#0"},
				"west": {"uv": [7.375, 1.75, 6.875, 1.875], "texture": "#0"},
				"up": {"uv": [4.25, 2.75, 4.375, 3.25], "texture": "#0"},
				"down": {"uv": [4.625, 2.75, 4.75, 3.25], "texture": "#0"}
			}
		},
		{
			"from": [9.2501, 2.5001, 7.9999],
			"to": [10.2501, 12.5001, 13.9999],
			"rotation": {"angle": 0, "axis": "y", "origin": [8.0001, 1.5001, 7.9999]},
			"faces": {
				"north": {"uv": [6.625, 0, 6.75, 1.25], "texture": "#0"},
				"east": {"uv": [4.5, 5.125, 5.25, 6.375], "texture": "#0"},
				"south": {"uv": [6.625, 6.125, 6.75, 7.375], "texture": "#0"},
				"west": {"uv": [5.375, 5.125, 6.125, 6.375], "texture": "#0"},
				"up": {"uv": [7, 0.75, 6.875, 0], "texture": "#0"},
				"down": {"uv": [7, 0.875, 6.875, 1.625], "texture": "#0"}
			}
		},
		{
			"from": [7, 0.47721, 0.4999],
			"to": [9, 13.47721, 15.4999],
			"rotation": {"angle": 0, "axis": "y", "origin": [5.75, 1.22721, 7.9999]},
			"faces": {
				"north": {"uv": [6, 6.5, 6.25, 8.125], "texture": "#0"},
				"east": {"uv": [0, 3.5, 1.875, 5], "texture": "#0"},
				"south": {"uv": [5.625, 6.5, 5.875, 8.125], "texture": "#0"},
				"west": {"uv": [2, 3.5, 3.875, 5], "texture": "#0"},
				"up": {"uv": [4.875, 8.375, 4.625, 6.5], "texture": "#0"},
				"down": {"uv": [5.25, 6.5, 5, 8.375], "texture": "#0"}
			}
		},
		{
			"from": [8, 0.87721, 0.5],
			"to": [8, 13.87721, 15.5],
			"rotation": {"angle": 0, "axis": "y", "origin": [5.75, 1.22721, 8.6]},
			"faces": {
				"north": {"uv": [6.25, 9.125, 6.25, 10.625], "texture": "#0"},
				"east": {"uv": [1.875, 8.875, 3.75, 10.375], "texture": "#0"},
				"south": {"uv": [5.375, 9, 5.375, 10.5], "texture": "#0"},
				"west": {"uv": [1.875, 10.5, 3.75, 12], "texture": "#0"},
				"up": {"uv": [4.375, 10.875, 4.375, 9], "texture": "#0"},
				"down": {"uv": [4.625, 9, 4.625, 10.875], "texture": "#0"}
			}
		},
		{
			"from": [5.9999, 1.0001, -0.0001],
			"to": [6.9997, 13.9999, 15.9997],
			"rotation": {"angle": 0, "axis": "y", "origin": [7.9998, 1.5, 7.9998]},
			"faces": {
				"north": {"uv": [2.75, 6.25, 2.875, 7.875], "texture": "#0"},
				"east": {"uv": [2.125, 0, 4.125, 1.625], "texture": "#0"},
				"south": {"uv": [3.125, 6.25, 3.25, 7.875], "texture": "#0"},
				"west": {"uv": [2.125, 1.75, 4.125, 3.375], "texture": "#0"},
				"up": {"uv": [1.375, 8.25, 1.25, 6.25], "texture": "#0"},
				"down": {"uv": [1.875, 6.25, 1.625, 8.25], "texture": "#0"}
			}
		}
	],
	"display": {
		"thirdperson_righthand": {
			"rotation": [-90, 0, 180],
			"translation": [-0.25, -2, -1.25],
			"scale": [0.4707, 0.4707, 0.4707]
		},
		"thirdperson_lefthand": {
			"rotation": [-90, 0, 180],
			"translation": [-0.25, -2, -1.25],
			"scale": [0.4707, 0.4707, 0.4707]
		},
		"firstperson_righthand": {
			"rotation": [-98.04, 20.02, 112.42],
			"translation": [3.25, 0, -3.25],
			"scale": [0.71289, 0.71289, 0.71289]
		},
		"firstperson_lefthand": {
			"rotation": [-98.04, 20.02, 112.42],
			"translation": [3.25, 0, -3.25],
			"scale": [0.71289, 0.71289, 0.71289]
		},
		"ground": {
			"rotation": [-47.17, -13.5, 42.38],
			"translation": [0, 4, 0],
			"scale": [0.51758, 0.51758, 0.51758]
		},
		"gui": {
			"rotation": [-115.51, 18.51, -127.8],
			"translation": [0.5, 0.25, 0],
			"scale": [0.77734, 0.77734, 0.77734]
		},
		"head": {
			"rotation": [0, 0, 90],
			"translation": [-1, 7.75, -0.25]
		},
		"fixed": {
			"rotation": [-90, 0, 90],
			"translation": [-1, 0, -1]
		}
	},
	"groups": [
		{
			"name": "base",
			"origin": [8, 8, 8],
			"color": 0,
			"children": [
				{
					"name": "book",
					"origin": [8, 8, 8],
					"color": 0,
					"children": [0, 1, 2, 3, 4, 5, 6, 7]
				}
			]
		}
	]
}