{
	"credit": "Modeled by hogarth of Frog Pot Studios",
	"texture_size": [42, 42],
	"textures": {
		"0": "camera:item/camera",
		"particle": "camera:item/camera"
	},
	"elements": [
		{
			"from": [0.5, 0, 5.5],
			"to": [15.5, 10, 10.5],
			"rotation": {"angle": 0, "axis": "y", "origin": [5.5, 0, 6.5]},
			"faces": {
				"north": {"uv": [0, 0, 3.42857, 2.28571], "texture": "#0"},
				"east": {"uv": [3.80952, 0, 4.95238, 2.28571], "texture": "#0"},
				"south": {"uv": [0, 2.66667, 3.42857, 4.95238], "texture": "#0"},
				"west": {"uv": [3.80952, 2.66667, 4.95238, 4.95238], "texture": "#0"},
				"up": {"uv": [5.33333, 0, 8.7619, 1.14286], "texture": "#0"},
				"down": {"uv": [5.33333, 1.52381, 8.7619, 2.66667], "texture": "#0"}
			}
		},
		{
			"from": [4.525, 9.525, 5.525],
			"to": [11.475, 10.475, 10.475],
			"rotation": {"angle": 0, "axis": "y", "origin": [5.5, 0, 6.5]},
			"faces": {
				"north": {"uv": [0, 11.04762, 1.52381, 11.42857], "texture": "#0"},
				"east": {"uv": [1.90476, 11.80952, 3.42857, 12.19048], "texture": "#0"},
				"south": {"uv": [1.90476, 11.04762, 3.42857, 11.42857], "texture": "#0"},
				"west": {"uv": [0, 11.80952, 1.52381, 12.19048], "texture": "#0"},
				"up": {"uv": [0, 9.52381, 1.52381, 10.66667], "texture": "#0"},
				"down": {"uv": [1.90476, 9.52381, 3.42857, 10.66667], "texture": "#0"}
			}
		},
		{
			"from": [15, 0.5, 6],
			"to": [16, 7.5, 10],
			"rotation": {"angle": 0, "axis": "y", "origin": [10.5, 0, 7]},
			"faces": {
				"north": {"uv": [14.47619, 0, 14.85714, 1.90476], "texture": "#0"},
				"east": {"uv": [9.14286, 0, 10.28571, 1.90476], "texture": "#0"},
				"south": {"uv": [13.71429, 0, 14.09524, 1.90476], "texture": "#0"},
				"west": {"uv": [10.66667, 0, 11.80952, 1.90476], "texture": "#0"},
				"up": {"uv": [12.19048, 0, 12.57143, 1.14286], "texture": "#0"},
				"down": {"uv": [12.95238, 0, 13.33333, 1.14286], "texture": "#0"}
			}
		},
		{
			"from": [1.25, 9.75, 6.5],
			"to": [4.25, 10.75, 9.5],
			"rotation": {"angle": 0, "axis": "y", "origin": [10.5, 0, 7.5]},
			"faces": {
				"north": {"uv": [8.38095, 3.80952, 9.52381, 4.19048], "texture": "#0"},
				"east": {"uv": [8.38095, 3.04762, 9.52381, 3.42857], "texture": "#0"},
				"south": {"uv": [5.33333, 4.57143, 6.47619, 4.95238], "texture": "#0"},
				"west": {"uv": [6.85714, 4.57143, 8, 4.95238], "texture": "#0"},
				"up": {"uv": [6.85714, 3.04762, 8, 4.19048], "texture": "#0"},
				"down": {"uv": [5.33333, 3.04762, 6.47619, 4.19048], "texture": "#0"}
			}
		},
		{
			"from": [11.75, 9.75, 6.5],
			"to": [14.75, 10.75, 9.5],
			"rotation": {"angle": 0, "axis": "y", "origin": [5.5, 0, 7.5]},
			"faces": {
				"north": {"uv": [5.33333, 11.04762, 6.47619, 11.42857], "texture": "#0"},
				"east": {"uv": [5.33333, 11.80952, 6.47619, 12.19048], "texture": "#0"},
				"south": {"uv": [5.33333, 10.28571, 6.47619, 10.66667], "texture": "#0"},
				"west": {"uv": [5.33333, 9.52381, 6.47619, 9.90476], "texture": "#0"},
				"up": {"uv": [3.80952, 9.52381, 4.95238, 10.66667], "texture": "#0"},
				"down": {"uv": [3.80952, 11.04762, 4.95238, 12.19048], "texture": "#0"}
			}
		},
		{
			"from": [4.5, 1, 9.75],
			"to": [11.5, 7, 10.75],
			"rotation": {"angle": 0, "axis": "y", "origin": [5.5, 0, 9.5]},
			"faces": {
				"north": {"uv": [2.28571, 7.61905, 4.19048, 9.14286], "texture": "#0"},
				"east": {"uv": [4.57143, 7.61905, 4.95238, 9.14286], "texture": "#0"},
				"south": {"uv": [0, 7.61905, 1.90476, 9.14286], "texture": "#0"},
				"west": {"uv": [5.33333, 7.61905, 5.71429, 9.14286], "texture": "#0"},
				"up": {"uv": [6.09524, 7.61905, 8, 8], "texture": "#0"},
				"down": {"uv": [6.09524, 8.38095, 8, 8.7619], "texture": "#0"}
			}
		},
		{
			"from": [7, 6.15, 9.9],
			"to": [9, 7.15, 10.9],
			"rotation": {"angle": 0, "axis": "y", "origin": [8, 0, 9.5]},
			"faces": {
				"north": {"uv": [11.04762, 3.80952, 11.80952, 4.19048], "texture": "#0"},
				"east": {"uv": [9.90476, 2.28571, 10.28571, 2.66667], "texture": "#0"},
				"south": {"uv": [11.04762, 3.04762, 11.80952, 3.42857], "texture": "#0"},
				"west": {"uv": [9.14286, 2.28571, 9.52381, 2.66667], "texture": "#0"},
				"up": {"uv": [10.66667, 3.42857, 9.90476, 3.04762], "texture": "#0"},
				"down": {"uv": [10.66667, 3.80952, 9.90476, 4.19048], "texture": "#0"}
			}
		},
		{
			"from": [10, 0.75, 2.5],
			"to": [11, 6.75, 5.5],
			"rotation": {"angle": 0, "axis": "y", "origin": [5, 0, 9.5]},
			"faces": {
				"north": {"uv": [11.80952, 11.04762, 12.19048, 13.33333], "texture": "#0"},
				"east": {"uv": [8.7619, 11.04762, 9.90476, 13.33333], "texture": "#0"},
				"south": {"uv": [12.57143, 11.04762, 12.95238, 13.33333], "texture": "#0"},
				"west": {"uv": [10.28571, 11.04762, 11.42857, 13.33333], "texture": "#0"},
				"up": {"uv": [13.71429, 12.19048, 13.33333, 11.04762], "texture": "#0"},
				"down": {"uv": [14.09524, 11.04762, 14.47619, 12.19048], "texture": "#0"}
			}
		},
		{
			"from": [5, 0.75, 2.5],
			"to": [6, 6.75, 5.5],
			"rotation": {"angle": 0, "axis": "y", "origin": [11, 0, 9.5]},
			"faces": {
				"north": {"uv": [15.2381, 4.57143, 15.61905, 6.85714], "texture": "#0"},
				"east": {"uv": [11.42857, 4.57143, 12.57143, 6.85714], "texture": "#0"},
				"south": {"uv": [14.47619, 4.57143, 14.85714, 6.85714], "texture": "#0"},
				"west": {"uv": [12.95238, 4.57143, 14.09524, 6.85714], "texture": "#0"},
				"up": {"uv": [13.33333, 8.38095, 12.95238, 7.2381], "texture": "#0"},
				"down": {"uv": [14.09524, 7.2381, 13.71429, 8.38095], "texture": "#0"}
			}
		},
		{
			"from": [6, 0.75, 2.5],
			"to": [10, 1.75, 5.5],
			"rotation": {"angle": 0, "axis": "y", "origin": [11, 0, 9.5]},
			"faces": {
				"north": {"uv": [3.80952, 13.33333, 5.33333, 13.71429], "texture": "#0"},
				"east": {"uv": [5.71429, 12.57143, 6.85714, 12.95238], "texture": "#0"},
				"south": {"uv": [3.80952, 12.57143, 5.33333, 12.95238], "texture": "#0"},
				"west": {"uv": [5.71429, 13.33333, 6.85714, 13.71429], "texture": "#0"},
				"up": {"uv": [1.52381, 13.71429, 0, 12.57143], "texture": "#0"},
				"down": {"uv": [3.42857, 12.57143, 1.90476, 13.71429], "texture": "#0"}
			}
		},
		{
			"from": [6, 5.75, 2.5],
			"to": [10, 6.75, 5.5],
			"rotation": {"angle": 0, "axis": "y", "origin": [11, 0, 9.5]},
			"faces": {
				"north": {"uv": [8.7619, 9.52381, 10.28571, 9.90476], "texture": "#0"},
				"east": {"uv": [7.2381, 13.33333, 8.38095, 13.71429], "texture": "#0"},
				"south": {"uv": [8.7619, 10.28571, 10.28571, 10.66667], "texture": "#0"},
				"west": {"uv": [7.2381, 12.57143, 8.38095, 12.95238], "texture": "#0"},
				"up": {"uv": [6.85714, 9.52381, 8.38095, 10.66667], "texture": "#0"},
				"down": {"uv": [6.85714, 11.04762, 8.38095, 12.19048], "texture": "#0"}
			}
		},
		{
			"from": [6, 1.75, 3.25],
			"to": [10, 5.75, 5.25],
			"rotation": {"angle": 0, "axis": "y", "origin": [11, 0, 9.5]},
			"faces": {
				"north": {"uv": [8.38095, 4.57143, 9.52381, 5.71429], "texture": "#0"},
				"east": {"uv": [9.90476, 6.09524, 10.28571, 7.2381], "texture": "#0"},
				"south": {"uv": [8.38095, 6.09524, 9.52381, 7.2381], "texture": "#0"},
				"west": {"uv": [10.66667, 6.09524, 11.04762, 7.2381], "texture": "#0"},
				"up": {"uv": [9.90476, 4.57143, 11.04762, 4.95238], "texture": "#0"},
				"down": {"uv": [9.90476, 5.33333, 11.04762, 5.71429], "texture": "#0"}
			}
		},
		{
			"from": [4.5, 0.25, 5.25],
			"to": [11.5, 7.25, 6.25],
			"rotation": {"angle": 0, "axis": "y", "origin": [4.5, 0, 9.5]},
			"faces": {
				"north": {"uv": [2.28571, 5.33333, 4.19048, 7.2381], "texture": "#0"},
				"east": {"uv": [4.57143, 5.33333, 4.95238, 7.2381], "texture": "#0"},
				"south": {"uv": [0, 5.33333, 1.90476, 7.2381], "texture": "#0"},
				"west": {"uv": [5.33333, 5.33333, 5.71429, 7.2381], "texture": "#0"},
				"up": {"uv": [6.09524, 5.33333, 8, 5.71429], "texture": "#0"},
				"down": {"uv": [6.09524, 6.09524, 8, 6.47619], "texture": "#0"}
			}
		},
		{
			"from": [3.25, 7.75, 5.35],
			"to": [6.25, 9.75, 6.35],
			"rotation": {"angle": 0, "axis": "y", "origin": [4.5, 0, 9.5]},
			"faces": {
				"north": {"uv": [12.19048, 1.52381, 13.33333, 2.28571], "texture": "#0"},
				"east": {"uv": [13.71429, 2.66667, 14.09524, 3.42857], "texture": "#0"},
				"south": {"uv": [12.19048, 2.66667, 13.33333, 3.42857], "texture": "#0"},
				"west": {"uv": [14.47619, 2.66667, 14.85714, 3.42857], "texture": "#0"},
				"up": {"uv": [13.33333, 4.19048, 12.19048, 3.80952], "texture": "#0"},
				"down": {"uv": [14.85714, 3.80952, 13.71429, 4.19048], "texture": "#0"}
			}
		},
		{
			"from": [8.55, 8.05, 5.4],
			"to": [10.95, 9.45, 5.8],
			"rotation": {"angle": 0, "axis": "y", "origin": [11.5, 0, 9.5]},
			"faces": {
				"north": {"uv": [9.90476, 7.61905, 11.04762, 8.38095], "texture": "#0"},
				"east": {"uv": [12.19048, 7.61905, 12.57143, 8.38095], "texture": "#0"},
				"south": {"uv": [8.38095, 7.61905, 9.52381, 8.38095], "texture": "#0"},
				"west": {"uv": [11.42857, 7.61905, 11.80952, 8.38095], "texture": "#0"},
				"up": {"uv": [11.04762, 9.14286, 9.90476, 8.7619], "texture": "#0"},
				"down": {"uv": [9.52381, 8.7619, 8.38095, 9.14286], "texture": "#0"}
			}
		}
	],
	"display": {
		"thirdperson_righthand": {
			"rotation": [5, 0, 0],
			"translation": [-2.75, 0.5, -0.25],
			"scale": [0.4375, 0.4375, 0.4375]
		},
		"thirdperson_lefthand": {
			"rotation": [11.25, 0, 0],
			"translation": [-2.75, 0.5, -0.25],
			"scale": [0.4375, 0.4375, 0.4375]
		},
		"firstperson_righthand": {
			"rotation": [4.24, 3.93, 2.29],
			"translation": [3, -0.75, -6.25],
			"scale": [0.90625, 0.90625, 0.90625]
		},
		"firstperson_lefthand": {
			"rotation": [4.24, 3.93, 2.29],
			"translation": [3, -0.75, -6.25],
			"scale": [0.90625, 0.90625, 0.90625]
		},
		"ground": {
			"rotation": [15, 0, 0],
			"translation": [0, 3, 0],
			"scale": [0.39063, 0.39063, 0.39063]
		},
		"gui": {
			"rotation": [15, 145, 0],
			"translation": [0, 2.5, 0],
			"scale": [0.90234, 0.90234, 0.90234]
		},
		"head": {
			"translation": [0, 10.75, 0],
			"scale": [0.54883, 0.54883, 0.54883]
		},
		"fixed": {
			"translation": [0, 0, -1.25]
		}
	},
	"groups": [
		{
			"name": "base",
			"origin": [8, 8, 8],
			"color": 0,
			"children": [
				{
					"name": "body",
					"origin": [8, 8, 8],
					"color": 0,
					"children": [0, 1, 2, 3, 4, 5, 6, 7, 8, 9, 10, 11, 12, 13, 14]
				}
			]
		}
	]
}