{
	"credit": "Modeled by hogarth of Frog Pot Studios",
	"texture_size": [64, 64],
	"textures": {
		"0": "modern_camera:modern_camera",
		"particle": "modern_camera:modern_camera"
	},
	"elements": [
		{
			"from": [3, 0, 5.5],
			"to": [13, 9, 10.5],
			"rotation": {"angle": 0, "axis": "y", "origin": [9, 0, 7.5]},
			"faces": {
				"north": {"uv": [4, 2, 6.5, 4.25], "texture": "#0"},
				"east": {"uv": [9, 10, 10.25, 12.25], "texture": "#0"},
				"south": {"uv": [4, 4.5, 6.5, 6.75], "texture": "#0"},
				"west": {"uv": [10.25, 2, 11.5, 4.25], "texture": "#0"},
				"up": {"uv": [10.75, 8.25, 8.25, 7], "texture": "#0"},
				"down": {"uv": [10.75, 8.5, 8.25, 9.75], "texture": "#0"}
			}
		},
		{
			"from": [3.5, 0.5, 9.75],
			"to": [12.5, 7.5, 10.75],
			"rotation": {"angle": 0, "axis": "y", "origin": [9.5, 0, 7.5]},
			"faces": {
				"north": {"uv": [3, 7, 5.25, 8.75], "texture": "#0"},
				"east": {"uv": [1.5, 12, 1.75, 13.75], "texture": "#0"},
				"south": {"uv": [8, 0, 10.25, 1.75], "texture": "#0"},
				"west": {"uv": [12.25, 11.5, 12.5, 13.25], "texture": "#0"},
				"up": {"uv": [8.5, 12.25, 6.25, 12], "texture": "#0"},
				"down": {"uv": [14.5, 10, 12.25, 10.25], "texture": "#0"}
			}
		},
		{
			"from": [13.25, 4.5, 9.75],
			"to": [16.25, 7.5, 10.75],
			"rotation": {"angle": 0, "axis": "y", "origin": [9.5, 0, 7.5]},
			"faces": {
				"north": {"uv": [3, 6, 3.75, 6.75], "texture": "#0"},
				"east": {"uv": [7.75, 13, 8, 13.75], "texture": "#0"},
				"south": {"uv": [1.5, 14.5, 2.75, 15.75], "texture": "#0"},
				"west": {"uv": [13, 8.25, 13.25, 9], "texture": "#0"},
				"up": {"uv": [9.5, 13.25, 8.75, 13], "texture": "#0"},
				"down": {"uv": [10.5, 13, 9.75, 13.25], "texture": "#0"}
			}
		},
		{
			"from": [12.75, 0.5, 9.75],
			"to": [16.75, 3.5, 10.75],
			"rotation": {"angle": 0, "axis": "y", "origin": [9.5, 0, 7.5]},
			"faces": {
				"north": {"uv": [11.75, 3.5, 12.75, 4.25], "texture": "#0"},
				"east": {"uv": [10.75, 13, 11, 13.75], "texture": "#0"},
				"south": {"uv": [3, 14.5, 4.5, 15.75], "texture": "#0"},
				"west": {"uv": [11.25, 13, 11.5, 13.75], "texture": "#0"},
				"up": {"uv": [14, 5.75, 13, 5.5], "texture": "#0"},
				"down": {"uv": [14, 6, 13, 6.25], "texture": "#0"}
			}
		},
		{
			"from": [5.5, 7, 4.75],
			"to": [10.5, 10, 9.75],
			"rotation": {"angle": 0, "axis": "y", "origin": [6.5, 0, 8]},
			"faces": {
				"north": {"uv": [11.5, 4.5, 12.75, 5.25], "texture": "#0"},
				"east": {"uv": [11.5, 5.5, 12.75, 6.25], "texture": "#0"},
				"south": {"uv": [11.75, 0, 13, 0.75], "texture": "#0"},
				"west": {"uv": [11.75, 1, 13, 1.75], "texture": "#0"},
				"up": {"uv": [3.25, 12.25, 2, 11], "texture": "#0"},
				"down": {"uv": [4.75, 11, 3.5, 12.25], "texture": "#0"}
			}
		},
		{
			"from": [5.5, 6, -9.5],
			"to": [10.5, 7, 5.5],
			"rotation": {"angle": 0, "axis": "y", "origin": [9.5, 0, 7.5]},
			"faces": {
				"north": {"uv": [5, 9.5, 6.25, 9.75], "texture": "#0"},
				"east": {"uv": [11.5, 6.5, 15.25, 6.75], "texture": "#0"},
				"south": {"uv": [8.75, 12.5, 10, 12.75], "texture": "#0"},
				"west": {"uv": [11.75, 2, 15.5, 2.25], "texture": "#0"},
				"up": {"uv": [1.25, 9.75, 0, 6], "texture": "#0"},
				"down": {"uv": [2.75, 6, 1.5, 9.75], "texture": "#0"}
			}
		},
		{
			"from": [4.5, 0, -9.5],
			"to": [5.5, 7, 5.5],
			"rotation": {"angle": 0, "axis": "y", "origin": [9.5, 0, 7.5]},
			"faces": {
				"north": {"uv": [2, 12.5, 2.25, 14.25], "texture": "#0"},
				"east": {"uv": [0, 0, 3.75, 1.75], "texture": "#0"},
				"south": {"uv": [2.5, 12.5, 2.75, 14.25], "texture": "#0"},
				"west": {"uv": [0, 2, 3.75, 3.75], "texture": "#0"},
				"up": {"uv": [12, 13.75, 11.75, 10], "texture": "#0"},
				"down": {"uv": [0.25, 12, 0, 15.75], "texture": "#0"}
			}
		},
		{
			"from": [10.5, 0, -9.5],
			"to": [11.5, 7, 5.5],
			"rotation": {"angle": 0, "axis": "y", "origin": [9.5, 0, 7.5]},
			"faces": {
				"north": {"uv": [3, 12.5, 3.25, 14.25], "texture": "#0"},
				"east": {"uv": [0, 4, 3.75, 5.75], "texture": "#0"},
				"south": {"uv": [3.5, 12.5, 3.75, 14.25], "texture": "#0"},
				"west": {"uv": [4, 0, 7.75, 1.75], "texture": "#0"},
				"up": {"uv": [0.75, 15.75, 0.5, 12], "texture": "#0"},
				"down": {"uv": [1.25, 12, 1, 15.75], "texture": "#0"}
			}
		},
		{
			"from": [5.5, 0, -9.5],
			"to": [10.5, 1, 5.5],
			"rotation": {"angle": 0, "axis": "y", "origin": [9.5, 0, 7.5]},
			"faces": {
				"north": {"uv": [12.75, 12, 14, 12.25], "texture": "#0"},
				"east": {"uv": [11.75, 2.5, 15.5, 2.75], "texture": "#0"},
				"south": {"uv": [12.75, 12.5, 14, 12.75], "texture": "#0"},
				"west": {"uv": [11.75, 3, 15.5, 3.25], "texture": "#0"},
				"up": {"uv": [8, 5.75, 6.75, 2], "texture": "#0"},
				"down": {"uv": [8, 6, 6.75, 9.75], "texture": "#0"}
			}
		},
		{
			"from": [5.5, 1, -8.5],
			"to": [10.5, 6, -7.5],
			"rotation": {"angle": 0, "axis": "y", "origin": [9.5, 0, 7.5]},
			"faces": {
				"north": {"uv": [11, 7, 12, 8], "texture": "#0"},
				"east": {"uv": [13, 3.5, 13.25, 4.75], "texture": "#0"},
				"south": {"uv": [11, 8.25, 12.25, 9.5], "texture": "#0"},
				"west": {"uv": [5, 13, 5.25, 14.25], "texture": "#0"},
				"up": {"uv": [14.25, 5.25, 13, 5], "texture": "#0"},
				"down": {"uv": [6.75, 13, 5.5, 13.25], "texture": "#0"}
			}
		},
		{
			"from": [4.35, -0.15, 1.5],
			"to": [11.65, 7.15, 2.5],
			"rotation": {"angle": 0, "axis": "y", "origin": [9.5, 0, 7.5]},
			"faces": {
				"north": {"uv": [3, 9, 4.75, 10.75], "texture": "#0"},
				"east": {"uv": [4, 12.5, 4.25, 14.25], "texture": "#0"},
				"south": {"uv": [0, 10, 1.75, 11.75], "texture": "#0"},
				"west": {"uv": [4.5, 12.5, 4.75, 14.25], "texture": "#0"},
				"up": {"uv": [8, 12.75, 6.25, 12.5], "texture": "#0"},
				"down": {"uv": [14.25, 7, 12.5, 7.25], "texture": "#0"}
			}
		},
		{
			"from": [4.35, -0.15, -4.5],
			"to": [11.65, 7.15, -3.5],
			"rotation": {"angle": 0, "axis": "y", "origin": [9.5, 0, 7.5]},
			"faces": {
				"north": {"uv": [5, 10, 6.75, 11.75], "texture": "#0"},
				"east": {"uv": [12.5, 7.5, 12.75, 9.25], "texture": "#0"},
				"south": {"uv": [7, 10, 8.75, 11.75], "texture": "#0"},
				"west": {"uv": [8.25, 12.5, 8.5, 14.25], "texture": "#0"},
				"up": {"uv": [14.25, 9.75, 12.5, 9.5], "texture": "#0"},
				"down": {"uv": [14.5, 11.5, 12.75, 11.75], "texture": "#0"}
			}
		},
		{
			"from": [13, 0, 3.5],
			"to": [17, 9, 10.5],
			"rotation": {"angle": 0, "axis": "y", "origin": [7, 0, 7.5]},
			"faces": {
				"north": {"uv": [5.5, 7, 6.5, 9.25], "texture": "#0"},
				"east": {"uv": [8.25, 2, 10, 4.25], "texture": "#0"},
				"south": {"uv": [10.25, 4.5, 11.25, 6.75], "texture": "#0"},
				"west": {"uv": [8.25, 4.5, 10, 6.75], "texture": "#0"},
				"up": {"uv": [11.5, 1.75, 10.5, 0], "texture": "#0"},
				"down": {"uv": [11.5, 10, 10.5, 11.75], "texture": "#0"}
			}
		},
		{
			"from": [13.5, 8.5, 7],
			"to": [16.5, 9.5, 10],
			"rotation": {"angle": 0, "axis": "y", "origin": [7, 0, 7.5]},
			"faces": {
				"north": {"uv": [12.75, 13, 13.5, 13.25], "texture": "#0"},
				"east": {"uv": [13.25, 0, 14, 0.25], "texture": "#0"},
				"south": {"uv": [13.25, 0.5, 14, 0.75], "texture": "#0"},
				"west": {"uv": [13.25, 1, 14, 1.25], "texture": "#0"},
				"up": {"uv": [11.25, 12.75, 10.5, 12], "texture": "#0"},
				"down": {"uv": [13, 10.5, 12.25, 11.25], "texture": "#0"}
			}
		},
		{
			"from": [3.25, 8.25, 7.75],
			"to": [5.25, 9.25, 9.75],
			"rotation": {"angle": 0, "axis": "y", "origin": [7, 0, 7.5]},
			"faces": {
				"north": {"uv": [13.25, 1.5, 13.75, 1.75], "texture": "#0"},
				"east": {"uv": [13.25, 10.5, 13.75, 10.75], "texture": "#0"},
				"south": {"uv": [13.25, 11, 13.75, 11.25], "texture": "#0"},
				"west": {"uv": [13.5, 3.5, 14, 3.75], "texture": "#0"},
				"up": {"uv": [7.5, 13.5, 7, 13], "texture": "#0"},
				"down": {"uv": [13.5, 7.5, 13, 8], "texture": "#0"}
			}
		}
	],
	"display": {
		"thirdperson_righthand": {
			"rotation": [5, 0, 0],
			"translation": [-4.25, 1, 0.25],
			"scale": [0.49023, 0.49023, 0.49023]
		},
		"thirdperson_lefthand": {
			"rotation": [5, 0, 0],
			"translation": [-2.25, 1, 0.25],
			"scale": [0.49023, 0.49023, 0.49023]
		},
		"firstperson_righthand": {
			"rotation": [7.69, 4.03, 5.54],
			"translation": [2, 2.25, -3],
			"scale": [0.75, 0.75, 0.75]
		},
		"firstperson_lefthand": {
			"rotation": [7.69, 4.03, 5.54],
			"translation": [2, 2.25, -3],
			"scale": [0.75, 0.75, 0.75]
		},
		"ground": {
			"rotation": [15, 0, 0],
			"translation": [0, 4.5, 0],
			"scale": [0.4375, 0.4375, 0.4375]
		},
		"gui": {
			"rotation": [15, 145, 0],
			"translation": [2.75, 3.25, 0],
			"scale": [0.76758, 0.76758, 0.76758]
		},
		"head": {
			"translation": [0, 14, 0]
		}
	},
	"groups": [
		{
			"name": "base",
			"origin": [8, 8, 8],
			"color": 0,
			"children": [
				{
					"name": "body",
					"origin": [8, 8, 8],
					"color": 0,
					"children": [0, 1, 2, 3, 4, 5, 6, 7, 8, 9, 10, 11, 12, 13, 14]
				}
			]
		}
	]
}